{
  "project_info": {
    "project_number": "103133299925",
    "project_id": "fir-project-4202b",
    "storage_bucket": "fir-project-4202b.appspot.com"
  },
  "client": [
    {
      "client_info": {
        "mobilesdk_app_id": "1:103133299925:android:1fe87d9a068bbd9e208e5c",
        "android_client_info": {
          "package_name": "com.example.firebaseproject"
        }
      },
      "oauth_client": [],
      "api_key": [
        {
          "current_key": "AIzaSyCeUIiMBQswYZhokF0_lwERe1UuIWyTmck"
        }
      ],
      "services": {
        "appinvite_service": {
          "other_platform_oauth_client": []
        }
      }
    }
  ],
  "configuration_version": "1"
}